{
    "speed_factor_forward": 0.00435,
    "speed_factor_backward": 0.0035,
    "gyro": {
        "x": -4.5945038167938925,
        "y": 0.1149618320610687,
        "z": 0
    },
    "mag": {
        "x": -47.5,
        "y": 77.0,
        "z": 198.5
    },
    "accel": {
        "x": -0.09168134765625,
        "y": -0.14370117187499998,
        "z": 9.917823779296878
    },
    "accel_offset": {
        "x": 0,
        "y": 0,
        "z": 0
    },
    "heading_kp": 1.0,
    "heading_ki": 0.0,
    "heading_kd": 0.1,
    "turn_factor_cw": 1.0,
    "turn_factor_ccw": 1.0,
    "turn_kp_cw": 1.0,
    "turn_ki_cw": 0.0,
    "turn_kd_cw": 0.4,
    "turn_min_output_cw": 55.0,
    "turn_kp_ccw": 0.1,
    "turn_ki_ccw": 0.0,
    "turn_kd_ccw": 0.29,
    "turn_min_output_ccw": 55.0
}
